[{"model": "admin.logentry", "pk": 1, "fields": {"action_time": "2024-08-26T02:00:59.285Z", "user": 1, "content_type": 6, "object_id": "1", "object_repr": "Shoes", "action_flag": 1, "change_message": "[{\"added\": {}}]"}}, {"model": "admin.logentry", "pk": 2, "fields": {"action_time": "2024-08-26T02:04:47.663Z", "user": 1, "content_type": 9, "object_id": "1", "object_repr": "Adidas CyberRun M Running Shoes For Men", "action_flag": 1, "change_message": "[{\"added\": {}}, {\"added\": {\"name\": \"productgallery\", \"object\": \"Adidas CyberRun M Running Shoes For Men\"}}, {\"added\": {\"name\": \"productgallery\", \"object\": \"Adidas CyberRun M Running Shoes For Men\"}}]"}}, {"model": "admin.logentry", "pk": 3, "fields": {"action_time": "2024-08-26T02:06:54.481Z", "user": 1, "content_type": 12, "object_id": "1", "object_repr": "Blue", "action_flag": 1, "change_message": "[{\"added\": {}}]"}}, {"model": "admin.logentry", "pk": 4, "fields": {"action_time": "2024-08-26T02:07:07.130Z", "user": 1, "content_type": 12, "object_id": "2", "object_repr": "Black", "action_flag": 1, "change_message": "[{\"added\": {}}]"}}, {"model": "admin.logentry", "pk": 5, "fields": {"action_time": "2024-08-26T02:07:26.523Z", "user": 1, "content_type": 12, "object_id": "3", "object_repr": "8", "action_flag": 1, "change_message": "[{\"added\": {}}]"}}, {"model": "admin.logentry", "pk": 6, "fields": {"action_time": "2024-08-26T02:07:36.396Z", "user": 1, "content_type": 12, "object_id": "4", "object_repr": "9", "action_flag": 1, "change_message": "[{\"added\": {}}]"}}, {"model": "admin.logentry", "pk": 7, "fields": {"action_time": "2024-08-26T02:09:11.628Z", "user": 1, "content_type": 11, "object_id": "1", "object_repr": "Quality", "action_flag": 1, "change_message": "[{\"added\": {}}]"}}, {"model": "admin.logentry", "pk": 8, "fields": {"action_time": "2024-08-26T02:13:41.814Z", "user": 1, "content_type": 9, "object_id": "2", "object_repr": "PUMA  Ferrari R-Cat Machina Motorsport Shoes For Men", "action_flag": 1, "change_message": "[{\"added\": {}}, {\"added\": {\"name\": \"productgallery\", \"object\": \"PUMA  Ferrari R-Cat Machina Motorsport Shoes For Men\"}}, {\"added\": {\"name\": \"productgallery\", \"object\": \"PUMA  Ferrari R-Cat Machina Motorsport Shoes For Men\"}}]"}}, {"model": "admin.logentry", "pk": 9, "fields": {"action_time": "2024-08-26T02:14:56.603Z", "user": 1, "content_type": 12, "object_id": "5", "object_repr": "Black", "action_flag": 1, "change_message": "[{\"added\": {}}]"}}, {"model": "admin.logentry", "pk": 10, "fields": {"action_time": "2024-08-26T02:15:07.889Z", "user": 1, "content_type": 12, "object_id": "6", "object_repr": "6", "action_flag": 1, "change_message": "[{\"added\": {}}]"}}, {"model": "admin.logentry", "pk": 11, "fields": {"action_time": "2024-08-26T02:15:17.089Z", "user": 1, "content_type": 12, "object_id": "7", "object_repr": "9", "action_flag": 1, "change_message": "[{\"added\": {}}]"}}, {"model": "admin.logentry", "pk": 12, "fields": {"action_time": "2024-08-26T02:15:28.973Z", "user": 1, "content_type": 12, "object_id": "8", "object_repr": "8", "action_flag": 1, "change_message": "[{\"added\": {}}]"}}, {"model": "admin.logentry", "pk": 13, "fields": {"action_time": "2024-08-26T02:17:47.955Z", "user": 1, "content_type": 6, "object_id": "2", "object_repr": "TShirt", "action_flag": 1, "change_message": "[{\"added\": {}}]"}}, {"model": "admin.logentry", "pk": 14, "fields": {"action_time": "2024-08-26T02:19:19.171Z", "user": 1, "content_type": 9, "object_id": "3", "object_repr": "Allen Solly  Men Colorblock Polo Neck Cotton Blend Blue T-Shirt", "action_flag": 1, "change_message": "[{\"added\": {}}, {\"added\": {\"name\": \"productgallery\", \"object\": \"Allen Solly  Men Colorblock Polo Neck Cotton Blend Blue T-Shirt\"}}]"}}, {"model": "admin.logentry", "pk": 15, "fields": {"action_time": "2024-08-26T02:22:22.725Z", "user": 1, "content_type": 9, "object_id": "4", "object_repr": "Allen Solly  Men Graphic Print Round Neck Pure Cotton Orange T-Shirt", "action_flag": 1, "change_message": "[{\"added\": {}}, {\"added\": {\"name\": \"productgallery\", \"object\": \"Allen Solly  Men Graphic Print Round Neck Pure Cotton Orange T-Shirt\"}}, {\"added\": {\"name\": \"productgallery\", \"object\": \"Allen Solly  Men Graphic Print Round Neck Pure Cotton Orange T-Shirt\"}}]"}}, {"model": "admin.logentry", "pk": 16, "fields": {"action_time": "2024-08-26T02:24:20.547Z", "user": 1, "content_type": 12, "object_id": "9", "object_repr": "Blue", "action_flag": 1, "change_message": "[{\"added\": {}}]"}}, {"model": "admin.logentry", "pk": 17, "fields": {"action_time": "2024-08-26T02:24:32.320Z", "user": 1, "content_type": 12, "object_id": "10", "object_repr": "Orange", "action_flag": 1, "change_message": "[{\"added\": {}}]"}}, {"model": "admin.logentry", "pk": 18, "fields": {"action_time": "2024-08-26T02:24:43.468Z", "user": 1, "content_type": 12, "object_id": "11", "object_repr": "S", "action_flag": 1, "change_message": "[{\"added\": {}}]"}}, {"model": "admin.logentry", "pk": 19, "fields": {"action_time": "2024-08-26T02:24:53.151Z", "user": 1, "content_type": 12, "object_id": "12", "object_repr": "M", "action_flag": 1, "change_message": "[{\"added\": {}}]"}}, {"model": "admin.logentry", "pk": 20, "fields": {"action_time": "2024-08-26T02:25:03.617Z", "user": 1, "content_type": 12, "object_id": "13", "object_repr": "L", "action_flag": 1, "change_message": "[{\"added\": {}}]"}}, {"model": "admin.logentry", "pk": 21, "fields": {"action_time": "2024-08-26T02:25:18.489Z", "user": 1, "content_type": 12, "object_id": "14", "object_repr": "S", "action_flag": 1, "change_message": "[{\"added\": {}}]"}}, {"model": "admin.logentry", "pk": 22, "fields": {"action_time": "2024-08-26T02:25:29.804Z", "user": 1, "content_type": 12, "object_id": "15", "object_repr": "L", "action_flag": 1, "change_message": "[{\"added\": {}}]"}}, {"model": "admin.logentry", "pk": 23, "fields": {"action_time": "2024-08-26T02:29:11.845Z", "user": 1, "content_type": 6, "object_id": "3", "object_repr": "Smart Phone", "action_flag": 1, "change_message": "[{\"added\": {}}]"}}, {"model": "admin.logentry", "pk": 24, "fields": {"action_time": "2024-08-26T02:30:45.310Z", "user": 1, "content_type": 9, "object_id": "5", "object_repr": "Apple iPhone 15 (Blue, 128 GB)", "action_flag": 1, "change_message": "[{\"added\": {}}]"}}, {"model": "admin.logentry", "pk": 25, "fields": {"action_time": "2024-08-26T02:32:15.209Z", "user": 1, "content_type": 6, "object_id": "4", "object_repr": "Smart Watch", "action_flag": 1, "change_message": "[{\"added\": {}}]"}}, {"model": "admin.logentry", "pk": 26, "fields": {"action_time": "2024-08-26T02:36:06.587Z", "user": 1, "content_type": 9, "object_id": "6", "object_repr": "Fire-Boltt Rock 33.02mm (1.3) AMOLED Display, BT Calling, Rotating Crown, Voice Assistant Smartwatch", "action_flag": 1, "change_message": "[{\"added\": {}}, {\"added\": {\"name\": \"productgallery\", \"object\": \"Fire-Boltt Rock 33.02mm (1.3) AMOLED Display, BT Calling, Rotating Crown, Voice Assistant Smartwatch\"}}]"}}, {"model": "admin.logentry", "pk": 27, "fields": {"action_time": "2024-08-26T02:40:01.391Z", "user": 1, "content_type": 6, "object_id": "5", "object_repr": "Bracelet", "action_flag": 1, "change_message": "[{\"added\": {}}]"}}, {"model": "admin.logentry", "pk": 28, "fields": {"action_time": "2024-08-26T02:42:50.998Z", "user": 1, "content_type": 9, "object_id": "7", "object_repr": "Leather Bracelet", "action_flag": 1, "change_message": "[{\"added\": {}}, {\"added\": {\"name\": \"productgallery\", \"object\": \"Leather Bracelet\"}}]"}}, {"model": "admin.logentry", "pk": 29, "fields": {"action_time": "2024-08-26T02:45:20.298Z", "user": 1, "content_type": 9, "object_id": "8", "object_repr": "Leather Silver Bracelet", "action_flag": 1, "change_message": "[{\"added\": {}}]"}}, {"model": "admin.logentry", "pk": 30, "fields": {"action_time": "2024-08-26T02:47:41.713Z", "user": 1, "content_type": 9, "object_id": "9", "object_repr": "Stainless Steel Silver Bracelet", "action_flag": 1, "change_message": "[{\"added\": {}}]"}}, {"model": "admin.logentry", "pk": 31, "fields": {"action_time": "2024-08-26T03:12:37.575Z", "user": 1, "content_type": 6, "object_id": "6", "object_repr": "Men Cargo", "action_flag": 1, "change_message": "[{\"added\": {}}]"}}, {"model": "admin.logentry", "pk": 32, "fields": {"action_time": "2024-08-26T03:56:12.790Z", "user": 1, "content_type": 12, "object_id": "7", "object_repr": "9", "action_flag": 2, "change_message": "[{\"changed\": {\"fields\": [\"Variation category\"]}}]"}}, {"model": "auth.permission", "pk": 1, "fields": {"name": "Can add log entry", "content_type": 1, "codename": "add_logentry"}}, {"model": "auth.permission", "pk": 2, "fields": {"name": "Can change log entry", "content_type": 1, "codename": "change_logentry"}}, {"model": "auth.permission", "pk": 3, "fields": {"name": "Can delete log entry", "content_type": 1, "codename": "delete_logentry"}}, {"model": "auth.permission", "pk": 4, "fields": {"name": "Can view log entry", "content_type": 1, "codename": "view_logentry"}}, {"model": "auth.permission", "pk": 5, "fields": {"name": "Can add permission", "content_type": 2, "codename": "add_permission"}}, {"model": "auth.permission", "pk": 6, "fields": {"name": "Can change permission", "content_type": 2, "codename": "change_permission"}}, {"model": "auth.permission", "pk": 7, "fields": {"name": "Can delete permission", "content_type": 2, "codename": "delete_permission"}}, {"model": "auth.permission", "pk": 8, "fields": {"name": "Can view permission", "content_type": 2, "codename": "view_permission"}}, {"model": "auth.permission", "pk": 9, "fields": {"name": "Can add group", "content_type": 3, "codename": "add_group"}}, {"model": "auth.permission", "pk": 10, "fields": {"name": "Can change group", "content_type": 3, "codename": "change_group"}}, {"model": "auth.permission", "pk": 11, "fields": {"name": "Can delete group", "content_type": 3, "codename": "delete_group"}}, {"model": "auth.permission", "pk": 12, "fields": {"name": "Can view group", "content_type": 3, "codename": "view_group"}}, {"model": "auth.permission", "pk": 13, "fields": {"name": "Can add content type", "content_type": 4, "codename": "add_contenttype"}}, {"model": "auth.permission", "pk": 14, "fields": {"name": "Can change content type", "content_type": 4, "codename": "change_contenttype"}}, {"model": "auth.permission", "pk": 15, "fields": {"name": "Can delete content type", "content_type": 4, "codename": "delete_contenttype"}}, {"model": "auth.permission", "pk": 16, "fields": {"name": "Can view content type", "content_type": 4, "codename": "view_contenttype"}}, {"model": "auth.permission", "pk": 17, "fields": {"name": "Can add session", "content_type": 5, "codename": "add_session"}}, {"model": "auth.permission", "pk": 18, "fields": {"name": "Can change session", "content_type": 5, "codename": "change_session"}}, {"model": "auth.permission", "pk": 19, "fields": {"name": "Can delete session", "content_type": 5, "codename": "delete_session"}}, {"model": "auth.permission", "pk": 20, "fields": {"name": "Can view session", "content_type": 5, "codename": "view_session"}}, {"model": "auth.permission", "pk": 21, "fields": {"name": "Can add category", "content_type": 6, "codename": "add_category"}}, {"model": "auth.permission", "pk": 22, "fields": {"name": "Can change category", "content_type": 6, "codename": "change_category"}}, {"model": "auth.permission", "pk": 23, "fields": {"name": "Can delete category", "content_type": 6, "codename": "delete_category"}}, {"model": "auth.permission", "pk": 24, "fields": {"name": "Can view category", "content_type": 6, "codename": "view_category"}}, {"model": "auth.permission", "pk": 25, "fields": {"name": "Can add account", "content_type": 7, "codename": "add_account"}}, {"model": "auth.permission", "pk": 26, "fields": {"name": "Can change account", "content_type": 7, "codename": "change_account"}}, {"model": "auth.permission", "pk": 27, "fields": {"name": "Can delete account", "content_type": 7, "codename": "delete_account"}}, {"model": "auth.permission", "pk": 28, "fields": {"name": "Can view account", "content_type": 7, "codename": "view_account"}}, {"model": "auth.permission", "pk": 29, "fields": {"name": "Can add user profile", "content_type": 8, "codename": "add_userprofile"}}, {"model": "auth.permission", "pk": 30, "fields": {"name": "Can change user profile", "content_type": 8, "codename": "change_userprofile"}}, {"model": "auth.permission", "pk": 31, "fields": {"name": "Can delete user profile", "content_type": 8, "codename": "delete_userprofile"}}, {"model": "auth.permission", "pk": 32, "fields": {"name": "Can view user profile", "content_type": 8, "codename": "view_userprofile"}}, {"model": "auth.permission", "pk": 33, "fields": {"name": "Can add product", "content_type": 9, "codename": "add_product"}}, {"model": "auth.permission", "pk": 34, "fields": {"name": "Can change product", "content_type": 9, "codename": "change_product"}}, {"model": "auth.permission", "pk": 35, "fields": {"name": "Can delete product", "content_type": 9, "codename": "delete_product"}}, {"model": "auth.permission", "pk": 36, "fields": {"name": "Can view product", "content_type": 9, "codename": "view_product"}}, {"model": "auth.permission", "pk": 37, "fields": {"name": "Can add productgallery", "content_type": 10, "codename": "add_productgallery"}}, {"model": "auth.permission", "pk": 38, "fields": {"name": "Can change productgallery", "content_type": 10, "codename": "change_productgallery"}}, {"model": "auth.permission", "pk": 39, "fields": {"name": "Can delete productgallery", "content_type": 10, "codename": "delete_productgallery"}}, {"model": "auth.permission", "pk": 40, "fields": {"name": "Can view productgallery", "content_type": 10, "codename": "view_productgallery"}}, {"model": "auth.permission", "pk": 41, "fields": {"name": "Can add review rating", "content_type": 11, "codename": "add_reviewrating"}}, {"model": "auth.permission", "pk": 42, "fields": {"name": "Can change review rating", "content_type": 11, "codename": "change_reviewrating"}}, {"model": "auth.permission", "pk": 43, "fields": {"name": "Can delete review rating", "content_type": 11, "codename": "delete_reviewrating"}}, {"model": "auth.permission", "pk": 44, "fields": {"name": "Can view review rating", "content_type": 11, "codename": "view_reviewrating"}}, {"model": "auth.permission", "pk": 45, "fields": {"name": "Can add variation", "content_type": 12, "codename": "add_variation"}}, {"model": "auth.permission", "pk": 46, "fields": {"name": "Can change variation", "content_type": 12, "codename": "change_variation"}}, {"model": "auth.permission", "pk": 47, "fields": {"name": "Can delete variation", "content_type": 12, "codename": "delete_variation"}}, {"model": "auth.permission", "pk": 48, "fields": {"name": "Can view variation", "content_type": 12, "codename": "view_variation"}}, {"model": "auth.permission", "pk": 49, "fields": {"name": "Can add cart", "content_type": 13, "codename": "add_cart"}}, {"model": "auth.permission", "pk": 50, "fields": {"name": "Can change cart", "content_type": 13, "codename": "change_cart"}}, {"model": "auth.permission", "pk": 51, "fields": {"name": "Can delete cart", "content_type": 13, "codename": "delete_cart"}}, {"model": "auth.permission", "pk": 52, "fields": {"name": "Can view cart", "content_type": 13, "codename": "view_cart"}}, {"model": "auth.permission", "pk": 53, "fields": {"name": "Can add cart item", "content_type": 14, "codename": "add_cartitem"}}, {"model": "auth.permission", "pk": 54, "fields": {"name": "Can change cart item", "content_type": 14, "codename": "change_cartitem"}}, {"model": "auth.permission", "pk": 55, "fields": {"name": "Can delete cart item", "content_type": 14, "codename": "delete_cartitem"}}, {"model": "auth.permission", "pk": 56, "fields": {"name": "Can view cart item", "content_type": 14, "codename": "view_cartitem"}}, {"model": "auth.permission", "pk": 57, "fields": {"name": "Can add order", "content_type": 15, "codename": "add_order"}}, {"model": "auth.permission", "pk": 58, "fields": {"name": "Can change order", "content_type": 15, "codename": "change_order"}}, {"model": "auth.permission", "pk": 59, "fields": {"name": "Can delete order", "content_type": 15, "codename": "delete_order"}}, {"model": "auth.permission", "pk": 60, "fields": {"name": "Can view order", "content_type": 15, "codename": "view_order"}}, {"model": "auth.permission", "pk": 61, "fields": {"name": "Can add payment", "content_type": 16, "codename": "add_payment"}}, {"model": "auth.permission", "pk": 62, "fields": {"name": "Can change payment", "content_type": 16, "codename": "change_payment"}}, {"model": "auth.permission", "pk": 63, "fields": {"name": "Can delete payment", "content_type": 16, "codename": "delete_payment"}}, {"model": "auth.permission", "pk": 64, "fields": {"name": "Can view payment", "content_type": 16, "codename": "view_payment"}}, {"model": "auth.permission", "pk": 65, "fields": {"name": "Can add order product", "content_type": 17, "codename": "add_orderproduct"}}, {"model": "auth.permission", "pk": 66, "fields": {"name": "Can change order product", "content_type": 17, "codename": "change_orderproduct"}}, {"model": "auth.permission", "pk": 67, "fields": {"name": "Can delete order product", "content_type": 17, "codename": "delete_orderproduct"}}, {"model": "auth.permission", "pk": 68, "fields": {"name": "Can view order product", "content_type": 17, "codename": "view_orderproduct"}}, {"model": "auth.permission", "pk": 69, "fields": {"name": "Can add login attempt", "content_type": 18, "codename": "add_loginattempt"}}, {"model": "auth.permission", "pk": 70, "fields": {"name": "Can change login attempt", "content_type": 18, "codename": "change_loginattempt"}}, {"model": "auth.permission", "pk": 71, "fields": {"name": "Can delete login attempt", "content_type": 18, "codename": "delete_loginattempt"}}, {"model": "auth.permission", "pk": 72, "fields": {"name": "Can view login attempt", "content_type": 18, "codename": "view_loginattempt"}}, {"model": "contenttypes.contenttype", "pk": 1, "fields": {"app_label": "admin", "model": "logentry"}}, {"model": "contenttypes.contenttype", "pk": 2, "fields": {"app_label": "auth", "model": "permission"}}, {"model": "contenttypes.contenttype", "pk": 3, "fields": {"app_label": "auth", "model": "group"}}, {"model": "contenttypes.contenttype", "pk": 4, "fields": {"app_label": "contenttypes", "model": "contenttype"}}, {"model": "contenttypes.contenttype", "pk": 5, "fields": {"app_label": "sessions", "model": "session"}}, {"model": "contenttypes.contenttype", "pk": 6, "fields": {"app_label": "category", "model": "category"}}, {"model": "contenttypes.contenttype", "pk": 7, "fields": {"app_label": "accounts", "model": "account"}}, {"model": "contenttypes.contenttype", "pk": 8, "fields": {"app_label": "accounts", "model": "userprofile"}}, {"model": "contenttypes.contenttype", "pk": 9, "fields": {"app_label": "store", "model": "product"}}, {"model": "contenttypes.contenttype", "pk": 10, "fields": {"app_label": "store", "model": "productgallery"}}, {"model": "contenttypes.contenttype", "pk": 11, "fields": {"app_label": "store", "model": "reviewrating"}}, {"model": "contenttypes.contenttype", "pk": 12, "fields": {"app_label": "store", "model": "variation"}}, {"model": "contenttypes.contenttype", "pk": 13, "fields": {"app_label": "cart", "model": "cart"}}, {"model": "contenttypes.contenttype", "pk": 14, "fields": {"app_label": "cart", "model": "cartitem"}}, {"model": "contenttypes.contenttype", "pk": 15, "fields": {"app_label": "orders", "model": "order"}}, {"model": "contenttypes.contenttype", "pk": 16, "fields": {"app_label": "orders", "model": "payment"}}, {"model": "contenttypes.contenttype", "pk": 17, "fields": {"app_label": "orders", "model": "orderproduct"}}, {"model": "contenttypes.contenttype", "pk": 18, "fields": {"app_label": "admin_honeypot", "model": "loginattempt"}}, {"model": "sessions.session", "pk": "1pz25w1ol72p40y6dew81qs79r04swab", "fields": {"session_data": ".eJxVjEEOgyAQRe_CuiEOKqjL7nsGMgNDpa3QCK6a3r01ceP2v_f-R9jCpcScbEyx2hoXLhWXtxUTGNXprutNJ3vdtIM2F2Fxq7PdCq82ejEJEKeN0D057cA_MN2zdDnVNZLcFXnQIm_Z8-t6uKeDGcv8r7VWOAIQoVbKGPSALUDTsAFybtQMQyCPQ0-sGu_BhcAjaUWhH4fgQHx_DiRHDA:1siQpy:GTeMDzxrMiPo7ZQN-HzrBruufU5w8mnRGU5EMQq7KUk", "expire_date": "2024-09-09T03:56:14.574Z"}}, {"model": "sessions.session", "pk": "uy287pi7fx4ofg7aq0gxs4y8fyvoql7t", "fields": {"session_data": "eyJfc2Vzc2lvbl9pbml0X3RpbWVzdGFtcF8iOjE3MjQ2NDQ2NjQuMzc1MTUyOH0:1siQrQ:tw9wWGeGMqcN__8ep2f8FRY4pNlgESRNNZfSeyQF1fc", "expire_date": "2024-09-09T03:57:44.421Z"}}, {"model": "category.category", "pk": 1, "fields": {"category_name": "Shoes", "slug": "shoes", "description": "", "cat_image": "photos/categories/adidas1.webp"}}, {"model": "category.category", "pk": 2, "fields": {"category_name": "TShirt", "slug": "tshirt", "description": "", "cat_image": "photos/categories/allensolly1.webp"}}, {"model": "category.category", "pk": 3, "fields": {"category_name": "Smart Phone", "slug": "smart-phone", "description": "", "cat_image": "photos/categories/iphone1.webp"}}, {"model": "category.category", "pk": 4, "fields": {"category_name": "Smart Watch", "slug": "smart-watch", "description": "", "cat_image": ""}}, {"model": "category.category", "pk": 5, "fields": {"category_name": "Bracelet", "slug": "bracelet", "description": "", "cat_image": ""}}, {"model": "category.category", "pk": 6, "fields": {"category_name": "Men Cargo", "slug": "men-cargo", "description": "", "cat_image": ""}}, {"model": "accounts.account", "pk": 1, "fields": {"password": "pbkdf2_sha256$720000$qsHN4f9hs6lJx050jDqIIj$+qp3qnekE7G0wVrAP16wGAHX3fxm3kWmLuc7Yx67U2k=", "first_name": "admin", "last_name": "1", "username": "admin", "email": "admin@gmail.com", "phone_number": "", "date_joined": "2024-08-26T01:52:05.185Z", "last_login": "2024-08-26T03:54:56.286Z", "is_admin": true, "is_staff": true, "is_active": true, "is_superadmin": true}}, {"model": "accounts.account", "pk": 2, "fields": {"password": "pbkdf2_sha256$720000$argf5aik8fM2Hs1PKNhx98$CTJ4IF+ZOuI4FHd4OGB0EFPK3pnOv1aRtPYV7zakGik=", "first_name": "Arjun", "last_name": "C", "username": "arjunchandrakumar2017", "email": "arjunchandrakumar2017@gmail.com", "phone_number": "8590587938", "date_joined": "2024-08-26T01:54:50.639Z", "last_login": "2024-08-26T03:17:25.461Z", "is_admin": false, "is_staff": false, "is_active": true, "is_superadmin": false}}, {"model": "accounts.userprofile", "pk": 1, "fields": {"user": 2, "address_line_1": "", "address_line_2": "", "profile_picture": "default/default-user.jpg", "city": "", "state": "", "country": ""}}, {"model": "store.product", "pk": 1, "fields": {"product_name": "Adidas CyberRun M Running Shoes For Men", "slug": "adidas-cyberrun-m-running-shoes-for-men", "decription": "Adidas CyberRun M Running Shoes For Men", "price": 2021, "images": "photos/products/adidas1.webp", "stock": 5, "is_available": true, "category": 1, "created_date": "2024-08-26T02:04:47.632Z", "modified_date": "2024-08-26T02:04:47.632Z"}}, {"model": "store.product", "pk": 2, "fields": {"product_name": "PUMA  Ferrari R-Cat Machina Motorsport Shoes For Men", "slug": "puma-ferrari-r-cat-machina-motorsport-shoes-for-men", "decription": "Color\r\nBlack\r\nOuter material\r\nSynthetic Leather\r\nModel name\r\nFerrari R-Cat Machina\r\nIdeal for\r\nMen\r\nOccasion\r\nSports\r\nType For Sports\r\nMotorsport Shoes\r\nNet Quantity\r\n1\r\nSole material\r\nRubber", "price": 2999, "images": "photos/products/puma3.webp", "stock": 6, "is_available": true, "category": 1, "created_date": "2024-08-26T02:13:41.798Z", "modified_date": "2024-08-26T02:13:41.798Z"}}, {"model": "store.product", "pk": 3, "fields": {"product_name": "Allen Solly  Men Colorblock Polo Neck Cotton Blend Blue T-Shirt", "slug": "allen-solly-men-colorblock-polo-neck-cotton-blend-blue-t-shirt", "decription": "Product Details\r\n\r\nType\r\nPolo Neck\r\nSleeve\r\nHalf Sleeve\r\nFit\r\nRegular\r\nFabric\r\nCotton Blend\r\nPack of\r\n1\r\nStyle Code\r\nASKPORGFD14628_New\r\nNeck Type\r\nPolo Neck\r\nIdeal For\r\nMen", "price": 599, "images": "photos/products/allensolly1.webp", "stock": 7, "is_available": true, "category": 2, "created_date": "2024-08-26T02:19:19.156Z", "modified_date": "2024-08-26T02:19:19.156Z"}}, {"model": "store.product", "pk": 4, "fields": {"product_name": "Allen Solly  Men Graphic Print Round Neck Pure Cotton Orange T-Shirt", "slug": "allen-solly-men-graphic-print-round-neck-pure-cotton-orange-t-shirt", "decription": "Type\r\nPolo Neck", "price": 495, "images": "photos/products/allensolly11.webp", "stock": 5, "is_available": true, "category": 2, "created_date": "2024-08-26T02:22:22.715Z", "modified_date": "2024-08-26T02:22:22.715Z"}}, {"model": "store.product", "pk": 5, "fields": {"product_name": "Apple iPhone 15 (Blue, 128 GB)", "slug": "apple-iphone-15-blue-128-gb", "decription": "Apple iPhone 15 (Blue, 128 GB)", "price": 69999, "images": "photos/products/iphone1.webp", "stock": 10, "is_available": true, "category": 3, "created_date": "2024-08-26T02:30:45.310Z", "modified_date": "2024-08-26T02:30:45.310Z"}}, {"model": "store.product", "pk": 6, "fields": {"product_name": "Fire-Boltt Rock 33.02mm (1.3) AMOLED Display, BT Calling, Rotating Crown, Voice Assistant Smartwatch", "slug": "fire-boltt-rock-3302mm-13-amoled-display-bt-calling-rotating-crown-voice-assistant-smartwatch", "decription": "Fire-Boltt Rock 33.02mm (1.3) AMOLED Display, BT Calling, Rotating Crown, Voice Assistant Smartwatch", "price": 2099, "images": "photos/products/smart_fire_bolt1.webp", "stock": 30, "is_available": true, "category": 4, "created_date": "2024-08-26T02:36:06.572Z", "modified_date": "2024-08-26T02:36:06.572Z"}}, {"model": "store.product", "pk": 7, "fields": {"product_name": "Leather Bracelet", "slug": "leather-bracelet", "decription": "Leather Bracelet", "price": 239, "images": "photos/products/bracele_2.webp", "stock": 50, "is_available": true, "category": 5, "created_date": "2024-08-26T02:42:50.982Z", "modified_date": "2024-08-26T02:42:50.982Z"}}, {"model": "store.product", "pk": 8, "fields": {"product_name": "Leather Silver Bracelet", "slug": "leather-silver-bracelet", "decription": "Leather Silver Bracelet", "price": 199, "images": "photos/products/bracelet_3.webp", "stock": 40, "is_available": true, "category": 5, "created_date": "2024-08-26T02:45:20.298Z", "modified_date": "2024-08-26T02:45:20.298Z"}}, {"model": "store.product", "pk": 9, "fields": {"product_name": "Stainless Steel Silver Bracelet", "slug": "stainless-steel-silver-bracelet", "decription": "Stainless Steel Silver Bracelet", "price": 237, "images": "photos/products/bracelet_4.webp", "stock": 30, "is_available": true, "category": 5, "created_date": "2024-08-26T02:47:41.713Z", "modified_date": "2024-08-26T02:47:41.713Z"}}, {"model": "store.variation", "pk": 1, "fields": {"product": 1, "variation_category": "color", "variation_value": "Blue", "is_active": true, "created_date": "2024-08-26T02:06:54.474Z"}}, {"model": "store.variation", "pk": 2, "fields": {"product": 1, "variation_category": "color", "variation_value": "Black", "is_active": true, "created_date": "2024-08-26T02:07:07.124Z"}}, {"model": "store.variation", "pk": 3, "fields": {"product": 1, "variation_category": "size", "variation_value": "8", "is_active": true, "created_date": "2024-08-26T02:07:26.514Z"}}, {"model": "store.variation", "pk": 4, "fields": {"product": 1, "variation_category": "size", "variation_value": "9", "is_active": true, "created_date": "2024-08-26T02:07:36.396Z"}}, {"model": "store.variation", "pk": 5, "fields": {"product": 2, "variation_category": "color", "variation_value": "Black", "is_active": true, "created_date": "2024-08-26T02:14:56.603Z"}}, {"model": "store.variation", "pk": 6, "fields": {"product": 2, "variation_category": "size", "variation_value": "6", "is_active": true, "created_date": "2024-08-26T02:15:07.889Z"}}, {"model": "store.variation", "pk": 7, "fields": {"product": 2, "variation_category": "size", "variation_value": "9", "is_active": true, "created_date": "2024-08-26T03:56:12.757Z"}}, {"model": "store.variation", "pk": 8, "fields": {"product": 2, "variation_category": "size", "variation_value": "8", "is_active": true, "created_date": "2024-08-26T02:15:28.971Z"}}, {"model": "store.variation", "pk": 9, "fields": {"product": 3, "variation_category": "color", "variation_value": "Blue", "is_active": true, "created_date": "2024-08-26T02:24:20.547Z"}}, {"model": "store.variation", "pk": 10, "fields": {"product": 4, "variation_category": "color", "variation_value": "Orange", "is_active": true, "created_date": "2024-08-26T02:24:32.316Z"}}, {"model": "store.variation", "pk": 11, "fields": {"product": 3, "variation_category": "size", "variation_value": "S", "is_active": true, "created_date": "2024-08-26T02:24:43.468Z"}}, {"model": "store.variation", "pk": 12, "fields": {"product": 3, "variation_category": "size", "variation_value": "M", "is_active": true, "created_date": "2024-08-26T02:24:53.143Z"}}, {"model": "store.variation", "pk": 13, "fields": {"product": 3, "variation_category": "size", "variation_value": "L", "is_active": true, "created_date": "2024-08-26T02:25:03.617Z"}}, {"model": "store.variation", "pk": 14, "fields": {"product": 4, "variation_category": "size", "variation_value": "S", "is_active": true, "created_date": "2024-08-26T02:25:18.488Z"}}, {"model": "store.variation", "pk": 15, "fields": {"product": 4, "variation_category": "size", "variation_value": "L", "is_active": true, "created_date": "2024-08-26T02:25:29.804Z"}}, {"model": "store.reviewrating", "pk": 1, "fields": {"product": 1, "user": 2, "subject": "Quality", "review": "Light weight and good looking, value for money go for it, thanks flipkart", "rating": 5.0, "ip": "127.0.0.1", "status": true, "created_at": "2024-08-26T02:09:11.628Z", "updated_at": "2024-08-26T02:09:11.628Z"}}, {"model": "store.productgallery", "pk": 1, "fields": {"product": 1, "image": "store/products/adidas2.webp"}}, {"model": "store.productgallery", "pk": 2, "fields": {"product": 1, "image": "store/products/adidas3.webp"}}, {"model": "store.productgallery", "pk": 3, "fields": {"product": 2, "image": "store/products/puma1.webp"}}, {"model": "store.productgallery", "pk": 4, "fields": {"product": 2, "image": "store/products/puma2.webp"}}, {"model": "store.productgallery", "pk": 5, "fields": {"product": 3, "image": "store/products/allensolly2.webp"}}, {"model": "store.productgallery", "pk": 6, "fields": {"product": 4, "image": "store/products/allensolly12.webp"}}, {"model": "store.productgallery", "pk": 7, "fields": {"product": 4, "image": "store/products/allensolly13.webp"}}, {"model": "store.productgallery", "pk": 8, "fields": {"product": 6, "image": "store/products/smart_fire_bolt2.webp"}}, {"model": "store.productgallery", "pk": 9, "fields": {"product": 7, "image": "store/products/bracelet_1.webp"}}, {"model": "cart.cart", "pk": 1, "fields": {"cart_id": "0k2pz63ea73vndi0rvrhzkmn37m5krdb", "date_added": "2024-08-26"}}, {"model": "cart.cartitem", "pk": 1, "fields": {"user": 2, "product": 1, "cart": 1, "quantity": 1, "is_active": true, "variations": [2, 4]}}, {"model": "cart.cartitem", "pk": 2, "fields": {"user": 2, "product": 3, "cart": null, "quantity": 1, "is_active": true, "variations": [9, 12]}}]
